{"cameraMode":{"drawMode":0,"name":"Shaded","section":"Shading Mode"},"sceneLighting":true,"audioPlay":false,"sceneViewState":{"m_AlwaysRefresh":false,"showFog":true,"showSkybox":true,"showFlares":true,"showImageEffects":true,"showParticleSystems":true,"showVisualEffectGraphs":true,"m_FxEnabled":true},"in2DMode":false,"pivot":{"x":65.90991973876953,"y":-39.04045104980469,"z":274.90252685546877},"rotation":{"x":-0.08096445351839066,"y":-0.07887416332960129,"z":0.006412372924387455,"w":-0.9935464262962341},"size":171.9951629638672,"orthographic":false}