{"cameraMode":{"drawMode":0,"name":"Shaded","section":"Shading Mode"},"sceneLighting":true,"audioPlay":false,"sceneViewState":{"m_AlwaysRefresh":true,"showFog":true,"showSkybox":true,"showFlares":true,"showImageEffects":true,"showParticleSystems":true,"showVisualEffectGraphs":true,"m_FxEnabled":true},"in2DMode":false,"pivot":{"x":0.7546785473823547,"y":7.596319198608398,"z":-6.25739049911499},"rotation":{"x":0.41481316089630129,"y":0.00033616978907957673,"z":-0.0001834797440096736,"w":0.9097304940223694},"size":5.335888385772705,"orthographic":false}