{"cameraMode":{"drawMode":0,"name":"Shaded","section":"Shading Mode"},"sceneLighting":false,"audioPlay":false,"sceneViewState":{"m_AlwaysRefresh":false,"showFog":true,"showSkybox":false,"showFlares":true,"showImageEffects":true,"showParticleSystems":true,"showVisualEffectGraphs":true,"m_FxEnabled":true},"in2DMode":false,"pivot":{"x":-2.5825414657592775,"y":0.8943095207214356,"z":-1.8216747045516968},"rotation":{"x":0.09297412633895874,"y":-0.8674395680427551,"z":0.17702065408229829,"w":0.4555821120738983},"size":3.090610980987549,"orthographic":false}