{"cameraMode":{"drawMode":0,"name":"Shaded","section":"Shading Mode"},"sceneLighting":false,"audioPlay":false,"sceneViewState":{"m_AlwaysRefresh":true,"showFog":true,"showSkybox":false,"showFlares":true,"showImageEffects":true,"showParticleSystems":true,"showVisualEffectGraphs":true,"m_FxEnabled":true},"in2DMode":false,"pivot":{"x":-2.2249999046325685,"y":0.4750000536441803,"z":-1.975000023841858},"rotation":{"x":0.15746359527111054,"y":-0.22121697664260865,"z":0.03621137887239456,"w":0.9615851044654846},"size":3.090610980987549,"orthographic":false}